{"cameraMode":{"drawMode":0,"name":"Shaded","section":"Shading Mode"},"sceneLighting":false,"audioPlay":false,"sceneViewState":{"m_AlwaysRefresh":false,"showFog":true,"showSkybox":false,"showFlares":true,"showImageEffects":true,"showParticleSystems":true,"showVisualEffectGraphs":true,"m_FxEnabled":true},"in2DMode":false,"pivot":{"x":4.259302139282227,"y":2.292221784591675,"z":2.2366831302642824},"rotation":{"x":0.009463021531701088,"y":0.5862151384353638,"z":0.006862578447908163,"w":-0.8100976943969727},"size":1.3614530563354493,"orthographic":false}